idx,File,Value
0,16,0.6065938944528294
1,17,0.6258489215475445
2,15,0.618279637028377
3,14,0.6207402545161838
4,10,0.6290566736151507
5,11,0.6207907124141849
6,13,0.6013658896719958
7,12,0.6061419679420261
8,9,0.6094782483050678
9,8,0.6064272563196902
10,6,0.6178943745142864
11,7,0.6259391499379995
12,5,0.6445510800071867
13,4,0.5221343192875133
14,1,0.617871979056853
15,3,0.615565039513575
16,2,0.6350782204518185
17,20,0.6239980961885669
18,19,0.6388255444987384
19,18,0.6348017640039593
