File,Value,Char
1,0.625702,A
2,0.717191,B
3,0.631667,C
4,0.448575,D
5,0.675155,E
6,0.638950,F
7,0.670689,G
8,0.577389,H
9,0.638498,I
10,0.701848,J
11,0.684498,K
12,0.570152,L
13,0.577161,M
14,0.675402,N
15,0.691595,O
16,0.623848,P
17,0.719125,Q
18,0.730859,R
19,0.714816,S
20,0.622198,T