File,Value
4,0.476930
16,0.427343
11,0.422915
3,0.420165
6,0.419736
15,0.417058
1,0.416504
14,0.412392
20,0.410495
13,0.408761
7,0.407401
17,0.404786
10,0.402613
2,0.402325
12,0.396291
19,0.392945
18,0.389481
8,0.378066
9,0.377470
5,0.376559