File,Value
12,0.497911
9,0.491713
5,0.491370
8,0.482257
19,0.478404
11,0.476538
18,0.472577
2,0.472563
17,0.471088
10,0.468589
7,0.458240
15,0.453626
14,0.452394
20,0.449672
6,0.445336
3,0.440768
1,0.438795
16,0.427358
4,0.417756
13,0.408973